{
    "Atlanta": [
        0.7805523828125,
        0.3668687598828697
    ],
    "Boston": [
        0.94517291015625,
        0.7935577642752563
    ],
    "Calgary": [
        0.234723779296875,
        0.8714704143484626
    ],
    "Charleston": [
        0.87193072265625,
        0.3564106925329429
    ],
    "Chicago": [
        0.68394244140625,
        0.5964232693997071
    ],
    "Dallas": [
        0.55454796875,
        0.22097883308931188
    ],
    "Denver": [
        0.390276162109375,
        0.4510562122986823
    ],
    "Duluth": [
        0.56361603515625,
        0.6858397408491947
    ],
    "El Paso": [
        0.377720390625,
        0.18542142459736466
    ],
    "Helena": [
        0.33272876953125,
        0.6774732693997072
    ],
    "Houston": [
        0.59535431640625,
        0.1629365344070277
    ],
    "Kansas City": [
        0.554896708984375,
        0.47720138067349926
    ],
    "Las Vegas": [
        0.20751951171875,
        0.3354946310395316
    ],
    "Little Rock": [
        0.623256083984375,
        0.3443839136163982
    ],
    "Los Angeles": [
        0.14474048828125,
        0.25026140995607615
    ],
    "Miami": [
        0.90366900390625,
        0.1252875007320644
    ],
    "Montreal": [
        0.875418486328125,
        0.8777451727672035
    ],
    "Nashville": [
        0.731026708984375,
        0.418636168374817
    ],
    "New Orleans": [
        0.68603509765625,
        0.1801923323572474
    ],
    "New York": [
        0.89390337890625,
        0.6837481010248903
    ],
    "Oklahoma City": [
        0.535365458984375,
        0.35013591947291356
    ],
    "Omaha": [
        0.53466791015625,
        0.5514536354319179
    ],
    "Phoenix": [
        0.26157921875,
        0.24032625622254766
    ],
    "Pittsburgh": [
        0.811593115234375,
        0.6178623030746706
    ],
    "Portland": [
        0.0823102666015625,
        0.6905459194729135
    ],
    "Raleigh": [
        0.84472650390625,
        0.45210198096632503
    ],
    "Saint Louis": [
        0.638253271484375,
        0.47458687115666176
    ],
    "Salt Lake City": [
        0.262625546875,
        0.49654884773060026
    ],
    "San Francisco": [
        0.068359375,
        0.4024262855051244
    ],
    "Santa Fe": [
        0.38295197265625,
        0.3182388330893118
    ],
    "Sault St. Marie": [
        0.68847650390625,
        0.7825767979502196
    ],
    "Seattle": [
        0.103585380859375,
        0.7668897701317716
    ],
    "Toronto": [
        0.7952008203125,
        0.7517255095168375
    ],
    "Vancouver": [
        0.108119423828125,
        0.8458481595900439
    ],
    "Washington": [
        0.901576396484375,
        0.5509306778916545
    ],
    "Winnipeg": [
        0.453404013671875,
        0.8552603411420204
    ]
}